64283ede6f2491f7dcdf0e02,27

64283ede6f2491f7dcdf0e02,30

64283ede6f2491f7dcdf0e02,28

64283ede6f2491f7dcdf0e02,30

64283ede6f2491f7dcdf0e02,29

64283ede6f2491f7dcdf0e02,30

64283ede6f2491f7dcdf0e02,30

64283ede6f2491f7dcdf0e02,30

64283ede6f2491f7dcdf0e02,27

64283ede6f2491f7dcdf0e02,25

64283ede6f2491f7dcdf0e02,25

64283ede6f2491f7dcdf0e02,25

64283ede6f2491f7dcdf0e02,29

64283ede6f2491f7dcdf0e02,28

64283ede6f2491f7dcdf0e02,30

64283ede6f2491f7dcdf0e02,28

64283ede6f2491f7dcdf0e02,28

64283ede6f2491f7dcdf0e02,31

64283ede6f2491f7dcdf0e02,29

64283ede6f2491f7dcdf0e02,28

64283ede6f2491f7dcdf0e02,27

64283ede6f2491f7dcdf0e02,25

64283ede6f2491f7dcdf0e02,28

64283ede6f2491f7dcdf0e02,30

64283ede6f2491f7dcdf0e02,25

64283ede6f2491f7dcdf0e02,25

64283ede6f2491f7dcdf0e02,31

64283ede6f2491f7dcdf0e02,27

64283ede6f2491f7dcdf0e02,28

64283ede6f2491f7dcdf0e02,30

64283ede6f2491f7dcdf0e02,26

64283ede6f2491f7dcdf0e02,27

64283ede6f2491f7dcdf0e02,25

64283ede6f2491f7dcdf0e02,31

64283ede6f2491f7dcdf0e02,29

64283ede6f2491f7dcdf0e02,28

64283ede6f2491f7dcdf0e02,27

64283ede6f2491f7dcdf0e02,26

64283ede6f2491f7dcdf0e02,28

64283ede6f2491f7dcdf0e02,30

64283ede6f2491f7dcdf0e02,28

64283ede6f2491f7dcdf0e02,29

64283ede6f2491f7dcdf0e02,30

64283ede6f2491f7dcdf0e02,30

64283ede6f2491f7dcdf0e02,25

64283ede6f2491f7dcdf0e02,29

64283ede6f2491f7dcdf0e02,26

64283ede6f2491f7dcdf0e02,27

64283ede6f2491f7dcdf0e02,26

64283ede6f2491f7dcdf0e02,31

64283ede6f2491f7dcdf0e02,30

64283ede6f2491f7dcdf0e02,28

64283ede6f2491f7dcdf0e02,25

64283ede6f2491f7dcdf0e02,29

64283ede6f2491f7dcdf0e02,26

64283ede6f2491f7dcdf0e02,26

64283ede6f2491f7dcdf0e02,31

64283ede6f2491f7dcdf0e02,27

64283ede6f2491f7dcdf0e02,27

64283ede6f2491f7dcdf0e02,27

64283ede6f2491f7dcdf0e02,28

64283ede6f2491f7dcdf0e02,31

64283ede6f2491f7dcdf0e02,26

64283ede6f2491f7dcdf0e02,28

64283ede6f2491f7dcdf0e02,28

64283ede6f2491f7dcdf0e02,30

64283ede6f2491f7dcdf0e02,27

64283ede6f2491f7dcdf0e02,28

64283ede6f2491f7dcdf0e02,31

64283ede6f2491f7dcdf0e02,25

64283ede6f2491f7dcdf0e02,26

64283ede6f2491f7dcdf0e02,31

64283ede6f2491f7dcdf0e02,26

64283ede6f2491f7dcdf0e02,26

64283ede6f2491f7dcdf0e02,27

64283ede6f2491f7dcdf0e02,26

64283ede6f2491f7dcdf0e02,27

64283ede6f2491f7dcdf0e02,26

64283ede6f2491f7dcdf0e02,30

64283ede6f2491f7dcdf0e02,31

64283ede6f2491f7dcdf0e02,30

64283ede6f2491f7dcdf0e02,27

64283ede6f2491f7dcdf0e02,29

64283ede6f2491f7dcdf0e02,30

64283ede6f2491f7dcdf0e02,31

64283ede6f2491f7dcdf0e02,25

64283ede6f2491f7dcdf0e02,25

64283ede6f2491f7dcdf0e02,29

64283ede6f2491f7dcdf0e02,25

64283ede6f2491f7dcdf0e02,31

64283ede6f2491f7dcdf0e02,25

64283ede6f2491f7dcdf0e02,30

64283ede6f2491f7dcdf0e02,25

64283ede6f2491f7dcdf0e02,30

64283ede6f2491f7dcdf0e02,28

64283ede6f2491f7dcdf0e02,30

64283ede6f2491f7dcdf0e02,26

64283ede6f2491f7dcdf0e02,28

64283ede6f2491f7dcdf0e02,30

64283ede6f2491f7dcdf0e02,30

64283ede6f2491f7dcdf0e02,30

64283ede6f2491f7dcdf0e02,25

64283ede6f2491f7dcdf0e02,26

64283ede6f2491f7dcdf0e02,25

64283ede6f2491f7dcdf0e02,31

64283ede6f2491f7dcdf0e02,26

64283ede6f2491f7dcdf0e02,27

64283ede6f2491f7dcdf0e02,25

64283ede6f2491f7dcdf0e02,30

64283ede6f2491f7dcdf0e02,25

64283ede6f2491f7dcdf0e02,26

64283ede6f2491f7dcdf0e02,28

64283ede6f2491f7dcdf0e02,26

64283ede6f2491f7dcdf0e02,29

64283ede6f2491f7dcdf0e02,25

64283ede6f2491f7dcdf0e02,30

64283ede6f2491f7dcdf0e02,29

64283ede6f2491f7dcdf0e02,26

64283ede6f2491f7dcdf0e02,31

64283ede6f2491f7dcdf0e02,28

64283ede6f2491f7dcdf0e02,27

64283ede6f2491f7dcdf0e02,26

64283ede6f2491f7dcdf0e02,25

64283ede6f2491f7dcdf0e02,29

64283ede6f2491f7dcdf0e02,25

64283ede6f2491f7dcdf0e02,31

642856604743238088c89b1c,30

642856604743238088c89b1c,28

642856604743238088c89b1c,25

642856604743238088c89b1c,26

642856604743238088c89b1c,31

642856604743238088c89b1c,26

642856604743238088c89b1c,28

642856604743238088c89b1c,30

642856604743238088c89b1c,29

642856604743238088c89b1c,26

642856604743238088c89b1c,28

64294e536887ba6f669c4d0b,27

64294e536887ba6f669c4d0b,31

64294e536887ba6f669c4d0b,26

64294e536887ba6f669c4d0b,25

64294e536887ba6f669c4d0b,27

64294e536887ba6f669c4d0b,30

64294e536887ba6f669c4d0b,31

64294e536887ba6f669c4d0b,25

64294e536887ba6f669c4d0b,25

64294e536887ba6f669c4d0b,28

64294e536887ba6f669c4d0b,25

64294e536887ba6f669c4d0b,26

64294e536887ba6f669c4d0b,26

64294e536887ba6f669c4d0b,30

64294e536887ba6f669c4d0b,31

64294e536887ba6f669c4d0b,29

64294e536887ba6f669c4d0b,31

64294e536887ba6f669c4d0b,25

64294e536887ba6f669c4d0b,28

64294e536887ba6f669c4d0b,28

64294e536887ba6f669c4d0b,29

64294e536887ba6f669c4d0b,29

64294e536887ba6f669c4d0b,29

64294e536887ba6f669c4d0b,29

64294e536887ba6f669c4d0b,30

64294e536887ba6f669c4d0b,26

64294e536887ba6f669c4d0b,31

64294e536887ba6f669c4d0b,26

64294e536887ba6f669c4d0b,28

64294e536887ba6f669c4d0b,30

64294e536887ba6f669c4d0b,27

64294e536887ba6f669c4d0b,29

64294e536887ba6f669c4d0b,29

64294e536887ba6f669c4d0b,29

64294e536887ba6f669c4d0b,31

64294e536887ba6f669c4d0b,31

64294e536887ba6f669c4d0b,28

64294e536887ba6f669c4d0b,29

64294e536887ba6f669c4d0b,28

64294e536887ba6f669c4d0b,26

64294e536887ba6f669c4d0b,26

64294e536887ba6f669c4d0b,30

64294e536887ba6f669c4d0b,25

64294e536887ba6f669c4d0b,25

64294e536887ba6f669c4d0b,30

64294e536887ba6f669c4d0b,29

64294e536887ba6f669c4d0b,30

64294e536887ba6f669c4d0b,28

64294e536887ba6f669c4d0b,27

64294e536887ba6f669c4d0b,31

64294e536887ba6f669c4d0b,25

64294e536887ba6f669c4d0b,25

64294e536887ba6f669c4d0b,28

64294e536887ba6f669c4d0b,27

64294e536887ba6f669c4d0b,31

64294e536887ba6f669c4d0b,28

64294e536887ba6f669c4d0b,25

64294e536887ba6f669c4d0b,30

64294e536887ba6f669c4d0b,31

64294e536887ba6f669c4d0b,27

64294e536887ba6f669c4d0b,29

64294e536887ba6f669c4d0b,27

64294e536887ba6f669c4d0b,31

64294e536887ba6f669c4d0b,30

64294e536887ba6f669c4d0b,30

64294e536887ba6f669c4d0b,27

64294e536887ba6f669c4d0b,25

64294e536887ba6f669c4d0b,27

64294e536887ba6f669c4d0b,30

64294e536887ba6f669c4d0b,30

64294e536887ba6f669c4d0b,29

64294e536887ba6f669c4d0b,28

64294e536887ba6f669c4d0b,25

64294e536887ba6f669c4d0b,31

64294e536887ba6f669c4d0b,27

64294e536887ba6f669c4d0b,28

64294e536887ba6f669c4d0b,25

64294e536887ba6f669c4d0b,30

64294e536887ba6f669c4d0b,26

64294e536887ba6f669c4d0b,29

64294e536887ba6f669c4d0b,25

64294e536887ba6f669c4d0b,29

64294e536887ba6f669c4d0b,31

64294e536887ba6f669c4d0b,31

64294e536887ba6f669c4d0b,30

64294e536887ba6f669c4d0b,28

64294e536887ba6f669c4d0b,27

64294e536887ba6f669c4d0b,30

64294e536887ba6f669c4d0b,25

64294e536887ba6f669c4d0b,25

64294e536887ba6f669c4d0b,27

64294e536887ba6f669c4d0b,28

64294e536887ba6f669c4d0b,29

64294e536887ba6f669c4d0b,26

64294e536887ba6f669c4d0b,31

64294e536887ba6f669c4d0b,27

64294e536887ba6f669c4d0b,27

64294e536887ba6f669c4d0b,29

64294e536887ba6f669c4d0b,29

64294e536887ba6f669c4d0b,30

64294e536887ba6f669c4d0b,28

64294e536887ba6f669c4d0b,28

64294e536887ba6f669c4d0b,30

64294e536887ba6f669c4d0b,30

64294e536887ba6f669c4d0b,29

64294e536887ba6f669c4d0b,27

64294e536887ba6f669c4d0b,30

64294e536887ba6f669c4d0b,26

64294e536887ba6f669c4d0b,27

64294e536887ba6f669c4d0b,28

64294e536887ba6f669c4d0b,27

64294e536887ba6f669c4d0b,30

64294e536887ba6f669c4d0b,28

64294e536887ba6f669c4d0b,28

64294e536887ba6f669c4d0b,25

64294e536887ba6f669c4d0b,31

64294e536887ba6f669c4d0b,26

64294e536887ba6f669c4d0b,27

64294e536887ba6f669c4d0b,28

64294e536887ba6f669c4d0b,25

64294e536887ba6f669c4d0b,30

64294e536887ba6f669c4d0b,28

64294e536887ba6f669c4d0b,25

64294e536887ba6f669c4d0b,26

64294e536887ba6f669c4d0b,26

64294e536887ba6f669c4d0b,27

64294e536887ba6f669c4d0b,30

64294e536887ba6f669c4d0b,26

64294e536887ba6f669c4d0b,26

64294e536887ba6f669c4d0b,31

64294e536887ba6f669c4d0b,27

64294e536887ba6f669c4d0b,27

64294e536887ba6f669c4d0b,26

64294e536887ba6f669c4d0b,27

64294e536887ba6f669c4d0b,28

64294e536887ba6f669c4d0b,28

64294e536887ba6f669c4d0b,25

64294e536887ba6f669c4d0b,27

64294e536887ba6f669c4d0b,25

64294e536887ba6f669c4d0b,27

64294e536887ba6f669c4d0b,28

64294e536887ba6f669c4d0b,27

64294e536887ba6f669c4d0b,30

64294e536887ba6f669c4d0b,30

64294e536887ba6f669c4d0b,31

64294e536887ba6f669c4d0b,26

64294e536887ba6f669c4d0b,30

64294e536887ba6f669c4d0b,25

64294e536887ba6f669c4d0b,28

64294e536887ba6f669c4d0b,25

64294e536887ba6f669c4d0b,28

64294e536887ba6f669c4d0b,25

64294e536887ba6f669c4d0b,31

64294e536887ba6f669c4d0b,30

64294e536887ba6f669c4d0b,29

64294e536887ba6f669c4d0b,27

64294e536887ba6f669c4d0b,29

64294e536887ba6f669c4d0b,27

64294e536887ba6f669c4d0b,29

64294e536887ba6f669c4d0b,25

64294e536887ba6f669c4d0b,26

64294e536887ba6f669c4d0b,29

64294e536887ba6f669c4d0b,26

64294e536887ba6f669c4d0b,27

64294e536887ba6f669c4d0b,31

64294e536887ba6f669c4d0b,25

64294e536887ba6f669c4d0b,28

64294e536887ba6f669c4d0b,29

64294e536887ba6f669c4d0b,28

64294e536887ba6f669c4d0b,31

64294e536887ba6f669c4d0b,30

64294e536887ba6f669c4d0b,30

64294e536887ba6f669c4d0b,29

64294e536887ba6f669c4d0b,31

64294e536887ba6f669c4d0b,29

64294e536887ba6f669c4d0b,26

64294e536887ba6f669c4d0b,29

64294e536887ba6f669c4d0b,28

64294e536887ba6f669c4d0b,31

64294e536887ba6f669c4d0b,31

64294e536887ba6f669c4d0b,30

64294e536887ba6f669c4d0b,31

64294e536887ba6f669c4d0b,28

64294e536887ba6f669c4d0b,30

64294e536887ba6f669c4d0b,25

64294e536887ba6f669c4d0b,31

64294e536887ba6f669c4d0b,25

64294e536887ba6f669c4d0b,25

64294e536887ba6f669c4d0b,26

64294e536887ba6f669c4d0b,29

64294e536887ba6f669c4d0b,27

64294e536887ba6f669c4d0b,31

64294e536887ba6f669c4d0b,30

64294e536887ba6f669c4d0b,29

64294e536887ba6f669c4d0b,28

64294e536887ba6f669c4d0b,31

64294e536887ba6f669c4d0b,29

64294e536887ba6f669c4d0b,30

64294e536887ba6f669c4d0b,28

64294e536887ba6f669c4d0b,31

64294e536887ba6f669c4d0b,29

64294e536887ba6f669c4d0b,29

64294e536887ba6f669c4d0b,31

64294e536887ba6f669c4d0b,30

64294e536887ba6f669c4d0b,25

64294e536887ba6f669c4d0b,28

64294e536887ba6f669c4d0b,28

64294e536887ba6f669c4d0b,25

64294e536887ba6f669c4d0b,28

64294e536887ba6f669c4d0b,30

64294e536887ba6f669c4d0b,27

64294e536887ba6f669c4d0b,25

64294e536887ba6f669c4d0b,25

64294e536887ba6f669c4d0b,31

64294e536887ba6f669c4d0b,27

64294e536887ba6f669c4d0b,31

64294e536887ba6f669c4d0b,25

64294e536887ba6f669c4d0b,29

64294e536887ba6f669c4d0b,25

64294e536887ba6f669c4d0b,29

64294e536887ba6f669c4d0b,27

64294e536887ba6f669c4d0b,29

64294e536887ba6f669c4d0b,28

64294e536887ba6f669c4d0b,25

64294e536887ba6f669c4d0b,27

64294e536887ba6f669c4d0b,30

64294e536887ba6f669c4d0b,31

64294e536887ba6f669c4d0b,25

64294e536887ba6f669c4d0b,26

64294e536887ba6f669c4d0b,29

64294e536887ba6f669c4d0b,25

64294e536887ba6f669c4d0b,31

64294e536887ba6f669c4d0b,31

64294e536887ba6f669c4d0b,25

64294e536887ba6f669c4d0b,30

64294e536887ba6f669c4d0b,25

64294e536887ba6f669c4d0b,28

64294e536887ba6f669c4d0b,31

64294e536887ba6f669c4d0b,26

64294e536887ba6f669c4d0b,27

64294e536887ba6f669c4d0b,27

64294e536887ba6f669c4d0b,26

64294e536887ba6f669c4d0b,29

64294e536887ba6f669c4d0b,31

64294e536887ba6f669c4d0b,27

64294e536887ba6f669c4d0b,27

64294e536887ba6f669c4d0b,25

64294e536887ba6f669c4d0b,28

64294e536887ba6f669c4d0b,30

643ab7e9a7a79cf0bc7dff1d,28,2023-04-15 21:44:52.181237

643ab7e9a7a79cf0bc7dff1d,31,2023-04-15 21:44:56.184757

643ab7e9a7a79cf0bc7dff1d,28,2023-04-15 21:45:00.202086

643ab7e9a7a79cf0bc7dff1d,31,2023-04-15 21:45:04.218025

643ab7e9a7a79cf0bc7dff1d,26,2023-04-15 21:45:08.203167

643ab7e9a7a79cf0bc7dff1d,26,2023-04-15 21:45:12.203030

643ab7e9a7a79cf0bc7dff1d,29,2023-04-15 21:45:16.214463

643ab7e9a7a79cf0bc7dff1d,27,2023-04-15 21:45:20.220647

643ab7e9a7a79cf0bc7dff1d,25,2023-04-15 21:45:24.216770

643ab7e9a7a79cf0bc7dff1d,27,2023-04-15 21:45:28.223282

643ab7e9a7a79cf0bc7dff1d,31,2023-04-15 21:45:32.227371

643ab7e9a7a79cf0bc7dff1d,30,2023-04-15 21:45:36.232343

643ab7e9a7a79cf0bc7dff1d,28,2023-04-15 21:45:40.236801

643ab7e9a7a79cf0bc7dff1d,29,2023-04-15 21:45:44.240755

643ab7e9a7a79cf0bc7dff1d,27,2023-04-15 21:45:48.247252

643ab7e9a7a79cf0bc7dff1d,25,2023-04-15 21:45:52.251087

643ab7e9a7a79cf0bc7dff1d,25,2023-04-15 21:45:56.254488

643ab7e9a7a79cf0bc7dff1d,29,2023-04-15 21:46:00.259875

643ab7e9a7a79cf0bc7dff1d,25,2023-04-15 21:46:04.264962

643ab7e9a7a79cf0bc7dff1d,29,2023-04-15 21:46:08.269306

643ab7e9a7a79cf0bc7dff1d,28,2023-04-15 21:46:12.276410

643ab7e9a7a79cf0bc7dff1d,29,2023-04-15 21:46:16.280424

643ab7e9a7a79cf0bc7dff1d,29,2023-04-15 21:46:20.283619

643ab7e9a7a79cf0bc7dff1d,26,2023-04-15 21:46:24.294815

643ab7e9a7a79cf0bc7dff1d,27,2023-04-15 21:46:28.295426

643ab7e9a7a79cf0bc7dff1d,31,2023-04-15 21:46:32.300244

643ab7e9a7a79cf0bc7dff1d,31,2023-04-15 21:46:36.306776

643ab7e9a7a79cf0bc7dff1d,27,2023-04-15 21:46:40.328824

643ab7e9a7a79cf0bc7dff1d,31,2023-04-15 21:46:44.325655

643ab7e9a7a79cf0bc7dff1d,26,2023-04-15 21:46:48.320839

643ab7e9a7a79cf0bc7dff1d,30,2023-04-15 21:46:52.326147

643ab7e9a7a79cf0bc7dff1d,28,2023-04-15 21:46:56.328734

643ab7e9a7a79cf0bc7dff1d,25,2023-04-15 21:47:00.334680

643ab7e9a7a79cf0bc7dff1d,27,2023-04-15 21:47:04.339217

643ab7e9a7a79cf0bc7dff1d,27,2023-04-15 21:47:08.344779

643ab7e9a7a79cf0bc7dff1d,25,2023-04-15 21:47:12.347998

643ab7e9a7a79cf0bc7dff1d,27,2023-04-15 21:47:16.353576

643ab7e9a7a79cf0bc7dff1d,25,2023-04-15 21:47:20.360439

643ab7e9a7a79cf0bc7dff1d,30,2023-04-15 21:47:24.359496

643ab7e9a7a79cf0bc7dff1d,29,2023-04-15 21:47:28.368979

643ab7e9a7a79cf0bc7dff1d,27,2023-04-15 21:47:32.382782

643ab7e9a7a79cf0bc7dff1d,30,2023-04-15 21:47:36.379069

643ab7e9a7a79cf0bc7dff1d,29,2023-04-15 21:47:40.383548

643ab7e9a7a79cf0bc7dff1d,26,2023-04-15 21:47:44.387504

643ab7e9a7a79cf0bc7dff1d,31,2023-04-15 21:47:48.388098

643ab7e9a7a79cf0bc7dff1d,31,2023-04-15 21:47:52.397167

643ab7e9a7a79cf0bc7dff1d,27,2023-04-15 21:47:56.401326

643ab7e9a7a79cf0bc7dff1d,25,2023-04-15 21:48:00.404010

643ab7e9a7a79cf0bc7dff1d,27,2023-04-15 21:48:04.409244

643ab7e9a7a79cf0bc7dff1d,25,2023-04-15 21:48:08.416168

643ab7e9a7a79cf0bc7dff1d,30,2023-04-15 21:48:12.420699

643ab7e9a7a79cf0bc7dff1d,30,2023-04-15 21:48:16.425283

643ab7e9a7a79cf0bc7dff1d,29,2023-04-15 21:48:20.429925

643ab7e9a7a79cf0bc7dff1d,26,2023-04-15 21:48:24.436836

643ab7e9a7a79cf0bc7dff1d,29,2023-04-15 21:48:28.441335

643ab7e9a7a79cf0bc7dff1d,26,2023-04-15 21:48:32.445566

643ab7e9a7a79cf0bc7dff1d,28,2023-04-15 21:48:36.450239

643ab7e9a7a79cf0bc7dff1d,30,2023-04-15 21:48:40.455236

643ab7e9a7a79cf0bc7dff1d,30,2023-04-15 21:48:44.459114

643ab7e9a7a79cf0bc7dff1d,29,2023-04-15 21:48:48.466033

643ab7e9a7a79cf0bc7dff1d,25,2023-04-15 21:48:52.471797

643ab7e9a7a79cf0bc7dff1d,26,2023-04-15 21:48:56.492599

643ab7e9a7a79cf0bc7dff1d,25,2023-04-15 21:49:00.480909

643ab7e9a7a79cf0bc7dff1d,25,2023-04-15 21:53:27.313775

643ab7e9a7a79cf0bc7dff1d,25,2023-04-15 21:53:31.343781

643ab7e9a7a79cf0bc7dff1d,29,2023-04-15 21:53:35.324899

643ab7e9a7a79cf0bc7dff1d,27,2023-04-15 21:53:39.330162

643ab7e9a7a79cf0bc7dff1d,30,2023-04-15 21:53:43.333870

643ab7e9a7a79cf0bc7dff1d,31,2023-04-15 21:53:47.343009

643ab7e9a7a79cf0bc7dff1d,26,2023-04-15 21:53:51.345923

643ab7e9a7a79cf0bc7dff1d,30,2023-04-15 21:53:55.356782

643ab7e9a7a79cf0bc7dff1d,31,2023-04-15 21:53:59.353842

643ab7e9a7a79cf0bc7dff1d,30,2023-04-15 21:54:03.358203

643ab7e9a7a79cf0bc7dff1d,27,2023-04-15 21:54:07.365425

643ab7e9a7a79cf0bc7dff1d,29,2023-04-15 21:59:36.027588

643ab7e9a7a79cf0bc7dff1d,25,2023-04-15 21:59:40.036343

643ab7e9a7a79cf0bc7dff1d,29,2023-04-15 21:59:44.039613

643ab7e9a7a79cf0bc7dff1d,27,2023-04-15 21:59:48.045373

643ab7e9a7a79cf0bc7dff1d,26,2023-04-15 21:59:52.050185

643ab7e9a7a79cf0bc7dff1d,27,2023-04-15 21:59:56.055007

643ab7e9a7a79cf0bc7dff1d,26,2023-04-15 22:00:00.059819

643ab7e9a7a79cf0bc7dff1d,29,2023-04-15 22:13:04.854596
643ab7e9a7a79cf0bc7dff1d,28,2023-04-15 22:13:08.861518
643ab7e9a7a79cf0bc7dff1d,31,2023-04-15 22:13:12.867736
643ab7e9a7a79cf0bc7dff1d,31,2023-04-15 22:13:16.873036
643ab7e9a7a79cf0bc7dff1d,26,2023-04-15 22:13:20.878025
643ab7e9a7a79cf0bc7dff1d,31,2023-04-15 22:13:24.883491
643ab7e9a7a79cf0bc7dff1d,26,2023-04-15 22:13:28.890560
643ab7e9a7a79cf0bc7dff1d,25,2023-04-15 22:13:32.898057
643ab7e9a7a79cf0bc7dff1d,25,2023-04-15 22:13:36.899008
6439aacebdfd82b762d1f94e,25,2023-04-15 22:37:46.192956
6439aacebdfd82b762d1f94e,28,2023-04-15 22:37:50.202675
6439aacebdfd82b762d1f94e,27,2023-04-15 22:37:54.206018
6439aacebdfd82b762d1f94e,25,2023-04-15 22:37:58.210500
6439aacebdfd82b762d1f94e,28,2023-04-15 22:45:38.221241
6439aacebdfd82b762d1f94e,25,2023-04-15 22:45:42.227603
6439aacebdfd82b762d1f94e,30,2023-04-15 22:45:46.233184
6439aacebdfd82b762d1f94e,31,2023-04-15 22:45:50.241704
6439aacebdfd82b762d1f94e,29,2023-04-15 22:45:54.241857
6439aacebdfd82b762d1f94e,30,2023-04-15 22:45:58.249509
6439aacebdfd82b762d1f94e,27,2023-04-15 22:46:02.251729
6439aacebdfd82b762d1f94e,26,2023-04-15 22:50:05.038034
6439aacebdfd82b762d1f94e,30,2023-04-15 22:50:09.041468
643ad1481c11c974fe017671,29,2023-04-15 23:33:05.651405
643ad1481c11c974fe017671,30,2023-04-15 23:33:09.658210
643ad1481c11c974fe017671,25,2023-04-15 23:33:13.663546
643ad1481c11c974fe017671,27,2023-04-15 23:33:17.668487
643ad1481c11c974fe017671,31,2023-04-15 23:33:21.672262
643ad1481c11c974fe017671,27,2023-04-15 23:33:25.677562
643ad1481c11c974fe017671,30,2023-04-15 23:33:29.680709
643ad1481c11c974fe017671,31,2023-04-15 23:33:33.682466
643ad1481c11c974fe017671,30,2023-04-15 23:33:37.690795
643ad1481c11c974fe017671,25,2023-04-15 23:33:41.693773
643ad1481c11c974fe017671,28,2023-04-15 23:33:45.708961
643ad1481c11c974fe017671,30,2023-04-15 23:33:49.704379
643ad1481c11c974fe017671,27,2023-04-15 23:33:53.708777
643ad1481c11c974fe017671,29,2023-04-15 23:33:57.714815
643ad1481c11c974fe017671,30,2023-04-15 23:34:01.718254
643ad1481c11c974fe017671,25,2023-04-15 23:34:05.719742
643ad1481c11c974fe017671,31,2023-04-15 23:34:09.728539
643ad1481c11c974fe017671,30,2023-04-15 23:34:13.734843
643ad1481c11c974fe017671,26,2023-04-15 23:34:17.745671
643ad1481c11c974fe017671,29,2023-04-15 23:34:21.742162
643ad1481c11c974fe017671,26,2023-04-15 23:34:25.746347
643ad1481c11c974fe017671,30,2023-04-15 23:34:29.751850
643ad1481c11c974fe017671,29,2023-04-15 23:34:33.758606
643ad1481c11c974fe017671,31,2023-04-15 23:34:37.762584
643ad1481c11c974fe017671,26,2023-04-15 23:52:08.738662
643ad1481c11c974fe017671,30,2023-04-15 23:52:12.746611
643ad1481c11c974fe017671,31,2023-04-15 23:52:16.757712
643ad1481c11c974fe017671,28,2023-04-15 23:52:20.755865
643ad1481c11c974fe017671,30,2023-04-15 23:52:24.762815
643ad1481c11c974fe017671,30,2023-04-15 23:52:28.765420
643ad1481c11c974fe017671,31,2023-04-15 23:52:32.772261
643ad1481c11c974fe017671,27,2023-04-15 23:52:36.775167
643ad1481c11c974fe017671,27,2023-04-15 23:52:40.779829
643ad1481c11c974fe017671,25,2023-04-15 23:52:44.788534
643ad1481c11c974fe017671,29,2023-04-15 23:52:48.790647
643ad1481c11c974fe017671,31,2023-04-15 23:52:52.792818
643ad1481c11c974fe017671,25,2023-04-15 23:52:56.798945
643ad1481c11c974fe017671,25,2023-04-15 23:53:00.809397
643ad1481c11c974fe017671,26,2023-04-15 23:53:04.811088
643ad1481c11c974fe017671,27,2023-04-15 23:53:08.815578
643ad1481c11c974fe017671,29,2023-04-15 23:53:12.820066
643ad1481c11c974fe017671,31,2023-04-15 23:53:16.827083
643ad1481c11c974fe017671,30,2023-04-15 23:53:20.829136
643ad1481c11c974fe017671,31,2023-04-15 23:53:24.834129
643ad1481c11c974fe017671,30,2023-04-15 23:53:28.840297
643ad1481c11c974fe017671,28,2023-04-15 23:53:32.842968
643ad1481c11c974fe017671,31,2023-04-15 23:53:36.847696
643ad1481c11c974fe017671,31,2023-04-15 23:53:40.852716
643ad1481c11c974fe017671,25,2023-04-15 23:53:44.857120
643ad1481c11c974fe017671,30,2023-04-15 23:53:48.858592
643ad1481c11c974fe017671,29,2023-04-15 23:53:52.865700
643ad1481c11c974fe017671,29,2023-04-15 23:53:56.872455
643ad1481c11c974fe017671,29,2023-04-15 23:54:00.876011
643ad1481c11c974fe017671,28,2023-04-15 23:54:04.882093
643ad1481c11c974fe017671,31,2023-04-15 23:54:08.887205
643ad1481c11c974fe017671,28,2023-04-15 23:54:12.892631
643ad1481c11c974fe017671,28,2023-04-15 23:54:16.896488
643ad1481c11c974fe017671,29,2023-04-15 23:54:20.898655
643ad1481c11c974fe017671,25,2023-04-15 23:54:24.905726
643ad1481c11c974fe017671,28,2023-04-15 23:54:28.911245
643ad1481c11c974fe017671,30,2023-04-15 23:54:32.915723
643ad1481c11c974fe017671,29,2023-04-15 23:54:36.921378
643ad1481c11c974fe017671,26,2023-04-15 23:54:40.925300
643ad1481c11c974fe017671,26,2023-04-15 23:54:44.930785
643ad1481c11c974fe017671,29,2023-04-15 23:54:48.934455
643ad1481c11c974fe017671,30,2023-04-15 23:54:52.939440
6439aacebdfd82b762d1f94e,0,2023-04-18 15:28:56.048677
6439aacebdfd82b762d1f94e,0,2023-04-18 15:29:03.080709
6439aacebdfd82b762d1f94e,0,2023-04-18 15:29:10.113610
6439aacebdfd82b762d1f94e,0,2023-04-18 15:29:17.147284
6439aacebdfd82b762d1f94e,0,2023-04-18 15:42:12.975448
6439aacebdfd82b762d1f94e,0,2023-04-18 15:42:20.008855
6439aacebdfd82b762d1f94e,0,2023-04-18 15:42:27.042519
6439aacebdfd82b762d1f94e,0,2023-04-18 15:42:34.077812
6439aacebdfd82b762d1f94e,0,2023-04-18 15:42:41.107084
6439aacebdfd82b762d1f94e,0,2023-04-18 15:42:48.144533
6439aacebdfd82b762d1f94e,0,2023-04-18 15:42:55.178134
6439aacebdfd82b762d1f94e,0,2023-04-18 15:43:02.205989
6439aacebdfd82b762d1f94e,0,2023-04-18 15:43:09.241764
6439aacebdfd82b762d1f94e,28.90,2023-04-18 15:57:23.141745
6439aacebdfd82b762d1f94e,28.90,2023-04-18 15:57:30.172301
6439aacebdfd82b762d1f94e,28.90,2023-04-18 15:57:37.208645
6439aacebdfd82b762d1f94e,29.10,2023-04-18 15:57:44.238171
6439aacebdfd82b762d1f94e,30.00,2023-04-18 15:57:51.270713
6439aacebdfd82b762d1f94e,30.90,2023-04-18 15:57:58.303623
6439aacebdfd82b762d1f94e,31.00,2023-04-18 15:58:05.336024
6439aacebdfd82b762d1f94e,31.10,2023-04-18 15:58:12.367120
6439aacebdfd82b762d1f94e,31.00,2023-04-18 15:58:19.399457
6439aacebdfd82b762d1f94e,30.70,2023-04-18 15:58:26.432928
6439aacebdfd82b762d1f94e,30.00,2023-04-18 15:58:33.466620
6439aacebdfd82b762d1f94e,29.60,2023-04-18 15:58:40.496335
6439aacebdfd82b762d1f94e,29.40,2023-04-18 15:58:47.532565
6439aacebdfd82b762d1f94e,29.30,2023-04-18 15:58:54.561508
6439aacebdfd82b762d1f94e,29.10,2023-04-18 15:59:01.595414
6439aacebdfd82b762d1f94e,29.00,2023-04-18 15:59:08.627185
6439aacebdfd82b762d1f94e,29.00,2023-04-18 15:59:15.660446
6439aacebdfd82b762d1f94e,28.90,2023-04-18 15:59:22.693712
6439aacebdfd82b762d1f94e,28.90,2023-04-18 15:59:29.727046
6439aacebdfd82b762d1f94e,29.00,2023-04-18 15:59:36.758941
6439aacebdfd82b762d1f94e,31.30,2023-04-18 15:59:43.792422
6439aacebdfd82b762d1f94e,34.50,2023-04-18 15:59:50.825249
6439aacebdfd82b762d1f94e,32.50,2023-04-18 15:59:57.854736
6439aacebdfd82b762d1f94e,31.50,2023-04-18 16:00:04.885698
6439aacebdfd82b762d1f94e,30.40,2023-04-18 16:00:11.919967
6439aacebdfd82b762d1f94e,29.70,2023-04-18 16:00:18.952870
6439aacebdfd82b762d1f94e,29.30,2023-04-18 16:00:25.986448
6439aacebdfd82b762d1f94e,28.90,2023-04-18 16:00:33.018597
6439aacebdfd82b762d1f94e,28.70,2023-04-18 16:00:40.051517
6439aacebdfd82b762d1f94e,28.50,2023-04-18 16:00:47.084461
6439aacebdfd82b762d1f94e,28.40,2023-04-18 16:00:54.114214
6439aacebdfd82b762d1f94e,28.30,2023-04-18 16:01:01.146812
6439aacebdfd82b762d1f94e,28.20,2023-04-18 16:01:08.177514
6439aacebdfd82b762d1f94e,28.20,2023-04-18 16:01:15.210000
6439aacebdfd82b762d1f94e,28.50,2023-04-18 16:01:59.685403
6439aacebdfd82b762d1f94e,28.60,2023-04-18 16:02:04.688817
6439aacebdfd82b762d1f94e,28.60,2023-04-18 16:02:09.713862
6439aacebdfd82b762d1f94e,28.60,2023-04-18 16:02:14.748503
6439aacebdfd82b762d1f94e,28.60,2023-04-18 16:02:19.780080
6439aacebdfd82b762d1f94e,28.60,2023-04-18 16:02:24.809067
6439aacebdfd82b762d1f94e,28.60,2023-04-18 16:02:29.838848
6439aacebdfd82b762d1f94e,28.60,2023-04-18 16:02:34.870867
6439aacebdfd82b762d1f94e,28.70,2023-04-18 16:02:39.906593
6439aacebdfd82b762d1f94e,28.70,2023-04-18 16:02:44.936099
6439aacebdfd82b762d1f94e,28.70,2023-04-18 16:02:49.972653
6439aacebdfd82b762d1f94e,28.70,2023-04-18 16:02:54.998703
6439aacebdfd82b762d1f94e,28.70,2023-04-18 16:03:00.030443
6439aacebdfd82b762d1f94e,28.70,2023-04-18 16:03:05.063616
6439aacebdfd82b762d1f94e,28.70,2023-04-18 16:03:10.096543
6439aacebdfd82b762d1f94e,28.70,2023-04-18 16:03:15.128019
6439aacebdfd82b762d1f94e,28.70,2023-04-18 16:03:20.162271
6439aacebdfd82b762d1f94e,28.70,2023-04-18 16:03:25.195726
6439aacebdfd82b762d1f94e,28.70,2023-04-18 16:03:30.226614
6439aacebdfd82b762d1f94e,28.70,2023-04-18 16:03:35.259108
6439aacebdfd82b762d1f94e,28.70,2023-04-18 16:03:40.294728
6439aacebdfd82b762d1f94e,28.60,2023-04-18 16:03:45.328958
6439aacebdfd82b762d1f94e,28.60,2023-04-18 16:03:50.356431
6439aacebdfd82b762d1f94e,28.60,2023-04-18 16:03:55.388377
6439aacebdfd82b762d1f94e,28.60,2023-04-18 16:04:00.423006
6439aacebdfd82b762d1f94e,28.60,2023-04-18 16:04:05.454221
6439aacebdfd82b762d1f94e,28.60,2023-04-18 16:04:10.485583
6439aacebdfd82b762d1f94e,28.60,2023-04-18 16:04:15.520279
6439aacebdfd82b762d1f94e,28.60,2023-04-18 16:04:20.571704
6439aacebdfd82b762d1f94e,28.60,2023-04-18 16:04:25.580446
6439aacebdfd82b762d1f94e,28.60,2023-04-18 16:04:30.613371
6439aacebdfd82b762d1f94e,28.60,2023-04-18 16:04:35.646123
6439aacebdfd82b762d1f94e,28.60,2023-04-18 16:04:40.677735
6439aacebdfd82b762d1f94e,28.60,2023-04-18 16:04:45.710320
6439aacebdfd82b762d1f94e,28.60,2023-04-18 16:04:50.743111
6439aacebdfd82b762d1f94e,28.60,2023-04-18 16:04:55.774894
6439aacebdfd82b762d1f94e,28.60,2023-04-18 16:05:00.807284
6439aacebdfd82b762d1f94e,28.60,2023-04-18 16:05:05.838489
6439aacebdfd82b762d1f94e,28.60,2023-04-18 16:05:10.880126
6439aacebdfd82b762d1f94e,28.60,2023-04-18 16:05:15.905311
6439aacebdfd82b762d1f94e,28.60,2023-04-18 16:05:20.937229
6439aacebdfd82b762d1f94e,28.60,2023-04-18 16:05:25.968603
6439aacebdfd82b762d1f94e,28.60,2023-04-18 16:05:31.002516
6439aacebdfd82b762d1f94e,28.60,2023-04-18 16:05:36.033751
6439aacebdfd82b762d1f94e,28.60,2023-04-18 16:05:41.063522
6439aacebdfd82b762d1f94e,28.60,2023-04-18 16:05:46.095880
6439aacebdfd82b762d1f94e,28.60,2023-04-18 16:05:51.127669
6439aacebdfd82b762d1f94e,28.60,2023-04-18 16:05:56.160055
6439aacebdfd82b762d1f94e,28.60,2023-04-18 16:06:01.192486
6439aacebdfd82b762d1f94e,28.60,2023-04-18 16:06:06.229088
6439aacebdfd82b762d1f94e,28.70,2023-04-18 16:06:11.256935
6439aacebdfd82b762d1f94e,28.60,2023-04-18 16:06:16.289940
6439aacebdfd82b762d1f94e,28.70,2023-04-18 16:06:21.321795
6439aacebdfd82b762d1f94e,28.70,2023-04-18 16:06:26.353424
6439aacebdfd82b762d1f94e,28.70,2023-04-18 16:06:31.387554
6439aacebdfd82b762d1f94e,28.70,2023-04-18 16:06:36.419578
6439aacebdfd82b762d1f94e,28.70,2023-04-18 16:06:41.452341
6439aacebdfd82b762d1f94e,28.70,2023-04-18 16:06:46.483766
6439aacebdfd82b762d1f94e,28.70,2023-04-18 16:06:51.514525
6439aacebdfd82b762d1f94e,28.70,2023-04-18 16:06:56.547421
6439aacebdfd82b762d1f94e,28.70,2023-04-18 16:07:01.579934
6439aacebdfd82b762d1f94e,28.70,2023-04-18 16:07:06.613191
6439aacebdfd82b762d1f94e,28.70,2023-04-18 16:07:11.644264
6439aacebdfd82b762d1f94e,28.70,2023-04-18 16:07:16.676069
6439aacebdfd82b762d1f94e,28.70,2023-04-18 16:07:21.710062
6439aacebdfd82b762d1f94e,28.70,2023-04-18 16:07:26.739533
6439aacebdfd82b762d1f94e,28.70,2023-04-18 16:07:31.772736
6439aacebdfd82b762d1f94e,28.70,2023-04-18 16:07:36.805692
6439aacebdfd82b762d1f94e,28.70,2023-04-18 16:07:41.834558
6439aacebdfd82b762d1f94e,28.70,2023-04-18 16:07:46.868142
6439aacebdfd82b762d1f94e,28.70,2023-04-18 16:07:51.901020
6439aacebdfd82b762d1f94e,28.70,2023-04-18 16:07:56.930428
6439aacebdfd82b762d1f94e,28.70,2023-04-18 16:08:01.963521
6439aacebdfd82b762d1f94e,28.70,2023-04-18 16:08:06.996495
6439aacebdfd82b762d1f94e,28.70,2023-04-18 16:08:12.028193
6439aacebdfd82b762d1f94e,28.80,2023-04-18 16:14:06.625985
6439aacebdfd82b762d1f94e,28.90,2023-04-18 16:14:11.631125
6439aacebdfd82b762d1f94e,28.90,2023-04-18 16:14:16.661469
6439aacebdfd82b762d1f94e,28.90,2023-04-18 16:14:21.694850
6439aacebdfd82b762d1f94e,28.80,2023-04-18 16:14:26.724479
6439aacebdfd82b762d1f94e,28.90,2023-04-18 16:14:31.758627
6439aacebdfd82b762d1f94e,28.80,2023-04-18 16:14:36.789838
6439aacebdfd82b762d1f94e,28.80,2023-04-18 16:14:41.818658
6439aacebdfd82b762d1f94e,28.80,2023-04-18 16:14:46.853814
6439aacebdfd82b762d1f94e,28.80,2023-04-18 16:14:51.883529
6439aacebdfd82b762d1f94e,28.80,2023-04-18 16:14:56.915515
6439aacebdfd82b762d1f94e,28.80,2023-04-18 16:15:01.950679
6439aacebdfd82b762d1f94e,28.80,2023-04-18 16:15:06.979056
6439aacebdfd82b762d1f94e,28.80,2023-04-18 16:15:12.012281
6439aacebdfd82b762d1f94e,28.70,2023-04-18 16:15:17.043643
6439aacebdfd82b762d1f94e,28.70,2023-04-18 16:15:22.078556
6439aacebdfd82b762d1f94e,28.80,2023-04-18 16:15:27.105084
6439aacebdfd82b762d1f94e,28.70,2023-04-18 16:15:32.139710
6439aacebdfd82b762d1f94e,28.70,2023-04-18 16:15:37.169607
6439aacebdfd82b762d1f94e,28.70,2023-04-18 16:15:42.202669
6439aacebdfd82b762d1f94e,28.70,2023-04-18 16:15:47.235105
6439aacebdfd82b762d1f94e,28.70,2023-04-18 16:15:52.267193
6439aacebdfd82b762d1f94e,31.60,2023-04-18 16:15:57.300012
6439aacebdfd82b762d1f94e,32.00,2023-04-18 16:16:02.333535
6439aacebdfd82b762d1f94e,31.70,2023-04-18 16:16:07.362195
6439aacebdfd82b762d1f94e,39.40,2023-04-18 16:16:12.395377
6439aacebdfd82b762d1f94e,57.10,2023-04-18 16:16:17.427926
6439aacebdfd82b762d1f94e,62.40,2023-04-18 16:16:22.475319
6439aacebdfd82b762d1f94e,61.60,2023-04-18 16:16:27.490038
6439aacebdfd82b762d1f94e,60.60,2023-04-18 16:16:32.521611
6439aacebdfd82b762d1f94e,59.50,2023-04-18 16:16:37.553224
6439aacebdfd82b762d1f94e,58.10,2023-04-18 16:16:42.587201
6439aacebdfd82b762d1f94e,56.70,2023-04-18 16:16:47.620394
6439aacebdfd82b762d1f94e,55.50,2023-04-18 16:16:52.648318
6439aacebdfd82b762d1f94e,54.30,2023-04-18 16:16:57.680453
6439aacebdfd82b762d1f94e,53.20,2023-04-18 16:17:02.713650
6439aacebdfd82b762d1f94e,51.90,2023-04-18 16:17:07.752587
6439aacebdfd82b762d1f94e,50.90,2023-04-18 16:17:12.778877
6439aacebdfd82b762d1f94e,50.00,2023-04-18 16:17:17.811835
6439aacebdfd82b762d1f94e,49.00,2023-04-18 16:17:22.855340
6439aacebdfd82b762d1f94e,48.20,2023-04-18 16:17:27.876319
6439aacebdfd82b762d1f94e,47.40,2023-04-18 16:17:32.909657
6439aacebdfd82b762d1f94e,46.80,2023-04-18 16:17:37.936348
6439aacebdfd82b762d1f94e,46.10,2023-04-18 16:17:42.969346
6439aacebdfd82b762d1f94e,45.50,2023-04-18 16:17:48.001362
6439aacebdfd82b762d1f94e,44.90,2023-04-18 16:17:53.034127
6439aacebdfd82b762d1f94e,44.30,2023-04-18 16:17:58.067200
6439aacebdfd82b762d1f94e,43.80,2023-04-18 16:18:03.096678
6439aacebdfd82b762d1f94e,43.00,2023-04-18 16:18:08.129357
6439aacebdfd82b762d1f94e,42.50,2023-04-18 16:18:13.161308
6439aacebdfd82b762d1f94e,41.90,2023-04-18 16:18:18.196958
6439aacebdfd82b762d1f94e,41.40,2023-04-18 16:18:23.227084
6439aacebdfd82b762d1f94e,41.00,2023-04-18 16:18:28.259307
6439aacebdfd82b762d1f94e,40.50,2023-04-18 16:18:33.290077
6439aacebdfd82b762d1f94e,40.10,2023-04-18 16:18:38.322926
6439aacebdfd82b762d1f94e,39.70,2023-04-18 16:18:43.359559
6439aacebdfd82b762d1f94e,39.30,2023-04-18 16:18:48.388020
6439aacebdfd82b762d1f94e,38.90,2023-04-18 16:18:53.419644
6439aacebdfd82b762d1f94e,38.50,2023-04-18 16:18:58.454982
6439aacebdfd82b762d1f94e,38.30,2023-04-18 16:19:03.486122
6439aacebdfd82b762d1f94e,38.00,2023-04-18 16:19:08.517770
6439aacebdfd82b762d1f94e,37.60,2023-04-18 16:19:13.548264
6439aacebdfd82b762d1f94e,37.30,2023-04-18 16:19:18.580744
6439aacebdfd82b762d1f94e,37.00,2023-04-18 16:19:23.611691
6439aacebdfd82b762d1f94e,36.70,2023-04-18 16:19:28.650015
6439aacebdfd82b762d1f94e,36.50,2023-04-18 16:19:33.679340
6439aacebdfd82b762d1f94e,36.20,2023-04-18 16:19:38.711737
6439aacebdfd82b762d1f94e,36.00,2023-04-18 16:19:43.851366
6439aacebdfd82b762d1f94e,35.80,2023-04-18 16:19:48.771428
6439aacebdfd82b762d1f94e,35.50,2023-04-18 16:19:53.804265
6439aacebdfd82b762d1f94e,35.30,2023-04-18 16:19:58.836735
6439aacebdfd82b762d1f94e,35.00,2023-04-18 16:20:03.867884
6439aacebdfd82b762d1f94e,34.50,2023-04-18 16:20:08.902601
6439aacebdfd82b762d1f94e,33.70,2023-04-18 16:20:13.933003
6439aacebdfd82b762d1f94e,33.00,2023-04-18 16:20:18.963962
6439aacebdfd82b762d1f94e,32.40,2023-04-18 16:20:23.996728
6439aacebdfd82b762d1f94e,31.90,2023-04-18 16:20:29.028854
6439aacebdfd82b762d1f94e,31.50,2023-04-18 16:20:34.062778
6439aacebdfd82b762d1f94e,31.20,2023-04-18 16:20:39.092085
6439aacebdfd82b762d1f94e,31.00,2023-04-18 16:20:44.123829
6439aacebdfd82b762d1f94e,30.70,2023-04-18 16:20:49.156927
6439aacebdfd82b762d1f94e,30.50,2023-04-18 16:20:54.189371
6439aacebdfd82b762d1f94e,30.30,2023-04-18 16:20:59.219835
6439aacebdfd82b762d1f94e,30.00,2023-04-18 16:21:04.252753
6439aacebdfd82b762d1f94e,29.90,2023-04-18 16:21:09.285875
6439aacebdfd82b762d1f94e,29.80,2023-04-18 16:21:14.318196
6439aacebdfd82b762d1f94e,29.70,2023-04-18 16:21:19.350801
6439aacebdfd82b762d1f94e,29.60,2023-04-18 16:21:24.379627
6439aacebdfd82b762d1f94e,29.50,2023-04-18 16:21:29.412464
6439aacebdfd82b762d1f94e,29.40,2023-04-18 16:21:34.445568
6439aacebdfd82b762d1f94e,29.30,2023-04-18 16:21:39.478981
6439aacebdfd82b762d1f94e,29.30,2023-04-18 16:21:44.509673
6439aacebdfd82b762d1f94e,29.20,2023-04-18 16:21:49.543013
6439aacebdfd82b762d1f94e,29.10,2023-04-18 16:21:54.576277
6439aacebdfd82b762d1f94e,29.10,2023-04-18 16:21:59.608557
6439aacebdfd82b762d1f94e,29.00,2023-04-18 16:22:04.640999
6439aacebdfd82b762d1f94e,29.00,2023-04-18 16:22:09.673555
6439aacebdfd82b762d1f94e,29.00,2023-04-18 16:22:14.706165
6439aacebdfd82b762d1f94e,28.90,2023-04-18 16:22:19.736134
6439aacebdfd82b762d1f94e,28.90,2023-04-18 16:22:24.767799
6439aacebdfd82b762d1f94e,28.90,2023-04-18 16:22:29.799692
6439aacebdfd82b762d1f94e,28.80,2023-04-18 16:22:34.834041
6439aacebdfd82b762d1f94e,28.80,2023-04-18 16:22:39.860818
6439aacebdfd82b762d1f94e,28.80,2023-04-18 16:22:44.893583
6439aacebdfd82b762d1f94e,28.80,2023-04-18 16:22:49.925451
6439aacebdfd82b762d1f94e,28.80,2023-04-18 16:22:54.958803
6439aacebdfd82b762d1f94e,28.70,2023-04-18 16:22:59.993669
6439aacebdfd82b762d1f94e,28.70,2023-04-18 16:23:05.024431
6439aacebdfd82b762d1f94e,28.70,2023-04-18 16:23:10.060125
6439aacebdfd82b762d1f94e,28.70,2023-04-18 16:23:15.091280
6439aacebdfd82b762d1f94e,28.70,2023-04-18 16:23:20.123497
6439aacebdfd82b762d1f94e,28.70,2023-04-18 16:23:25.154198
6439aacebdfd82b762d1f94e,28.70,2023-04-18 16:23:30.187580
6439aacebdfd82b762d1f94e,28.70,2023-04-18 16:23:35.221986
6439aacebdfd82b762d1f94e,28.70,2023-04-18 16:23:40.251895
6439aacebdfd82b762d1f94e,28.70,2023-04-18 16:23:45.287058
6439aacebdfd82b762d1f94e,28.70,2023-04-18 16:23:50.317002
6439aacebdfd82b762d1f94e,28.70,2023-04-18 16:23:55.349147
6439aacebdfd82b762d1f94e,28.70,2023-04-18 16:24:00.384005
6439aacebdfd82b762d1f94e,28.70,2023-04-18 16:24:05.414667
6439aacebdfd82b762d1f94e,28.70,2023-04-18 16:24:10.448568
6439aacebdfd82b762d1f94e,28.70,2023-04-18 16:24:15.479298
6439aacebdfd82b762d1f94e,28.70,2023-04-18 16:24:20.512794
6439aacebdfd82b762d1f94e,28.70,2023-04-18 16:24:25.546858
6439aacebdfd82b762d1f94e,28.70,2023-04-18 16:24:30.577248
6439aacebdfd82b762d1f94e,28.70,2023-04-18 16:24:35.610798
6439aacebdfd82b762d1f94e,28.70,2023-04-18 16:24:40.642097
6439aacebdfd82b762d1f94e,28.70,2023-04-18 16:24:45.673694
6439aacebdfd82b762d1f94e,28.70,2023-04-18 16:24:50.709610
6439aacebdfd82b762d1f94e,28.70,2023-04-18 16:24:55.753078
6439aacebdfd82b762d1f94e,28.70,2023-04-18 16:25:00.770059
6439aacebdfd82b762d1f94e,28.70,2023-04-18 16:25:05.802642
6439aacebdfd82b762d1f94e,28.70,2023-04-18 16:25:10.833958
6439aacebdfd82b762d1f94e,28.70,2023-04-18 16:25:15.865379
6439aacebdfd82b762d1f94e,28.70,2023-04-18 16:25:20.900908
6439aacebdfd82b762d1f94e,28.70,2023-04-18 16:25:25.929852
6439aacebdfd82b762d1f94e,28.70,2023-04-18 16:25:30.959950
6439aacebdfd82b762d1f94e,28.70,2023-04-18 16:25:35.993377
6439aacebdfd82b762d1f94e,28.70,2023-04-18 16:25:41.025714
6439aacebdfd82b762d1f94e,28.70,2023-04-18 16:25:46.058487
6439aacebdfd82b762d1f94e,28.70,2023-04-18 16:25:51.092071
6439aacebdfd82b762d1f94e,28.70,2023-04-18 16:25:56.120765
6439aacebdfd82b762d1f94e,28.70,2023-04-18 16:26:01.152604
6439aacebdfd82b762d1f94e,28.70,2023-04-18 16:26:06.186124
6439aacebdfd82b762d1f94e,28.80,2023-04-18 16:26:11.216742
6439aacebdfd82b762d1f94e,28.80,2023-04-18 16:26:16.249419
6439aacebdfd82b762d1f94e,28.80,2023-04-18 16:26:21.279856
6439aacebdfd82b762d1f94e,28.80,2023-04-18 16:26:26.311986
6439aacebdfd82b762d1f94e,28.80,2023-04-18 16:26:31.345042
6439aacebdfd82b762d1f94e,28.80,2023-04-18 16:26:36.379244
6439aacebdfd82b762d1f94e,28.80,2023-04-18 16:26:41.410495
6439aacebdfd82b762d1f94e,28.90,2023-04-18 16:26:46.440412
6439aacebdfd82b762d1f94e,28.90,2023-04-18 16:26:51.473456
6439aacebdfd82b762d1f94e,28.80,2023-04-18 16:26:56.506427
6439aacebdfd82b762d1f94e,31.20,2023-04-18 16:27:01.539882
6439aacebdfd82b762d1f94e,47.20,2023-04-18 16:27:06.575313
6439aacebdfd82b762d1f94e,46.70,2023-04-18 16:27:11.600765
6439aacebdfd82b762d1f94e,46.60,2023-04-18 16:27:16.636821
6439aacebdfd82b762d1f94e,46.20,2023-04-18 16:27:21.665768
6439aacebdfd82b762d1f94e,45.60,2023-04-18 16:27:26.700897
6439aacebdfd82b762d1f94e,44.90,2023-04-18 16:27:31.731621
6439aacebdfd82b762d1f94e,44.20,2023-04-18 16:27:36.760927
6439aacebdfd82b762d1f94e,43.40,2023-04-18 16:27:41.790519
6439aacebdfd82b762d1f94e,42.80,2023-04-18 16:27:46.821483
6439aacebdfd82b762d1f94e,42.20,2023-04-18 16:27:51.852190
6439aacebdfd82b762d1f94e,41.60,2023-04-18 16:27:56.886957
6439aacebdfd82b762d1f94e,41.00,2023-04-18 16:28:01.917809
6439aacebdfd82b762d1f94e,40.50,2023-04-18 16:28:06.950045
6439aacebdfd82b762d1f94e,39.90,2023-04-18 16:28:11.981206
6439aacebdfd82b762d1f94e,39.40,2023-04-18 16:28:17.014071
6439aacebdfd82b762d1f94e,39.00,2023-04-18 16:28:22.047792
6439aacebdfd82b762d1f94e,38.60,2023-04-18 16:28:27.080977
6439aacebdfd82b762d1f94e,38.20,2023-04-18 16:28:32.111522
6439aacebdfd82b762d1f94e,37.80,2023-04-18 16:28:37.144820
6439aacebdfd82b762d1f94e,37.40,2023-04-18 16:28:42.176657
6439aacebdfd82b762d1f94e,37.10,2023-04-18 16:28:47.209574
6439aacebdfd82b762d1f94e,36.70,2023-04-18 16:28:52.240733
6439aacebdfd82b762d1f94e,36.40,2023-04-18 16:28:57.272114
6439aacebdfd82b762d1f94e,36.20,2023-04-18 16:29:02.306398
6439aacebdfd82b762d1f94e,35.90,2023-04-18 16:29:07.337670
6439aacebdfd82b762d1f94e,35.60,2023-04-18 16:29:12.369581
6439aacebdfd82b762d1f94e,35.40,2023-04-18 16:29:17.399646
6439aacebdfd82b762d1f94e,35.10,2023-04-18 16:29:22.432155
6439aacebdfd82b762d1f94e,34.90,2023-04-18 16:29:27.464557
6439aacebdfd82b762d1f94e,34.70,2023-04-18 16:29:32.496954
6439aacebdfd82b762d1f94e,34.50,2023-04-18 16:29:37.531097
6439aacebdfd82b762d1f94e,34.30,2023-04-18 16:29:42.557810
6439aacebdfd82b762d1f94e,34.10,2023-04-18 16:29:47.591574
6439aacebdfd82b762d1f94e,33.90,2023-04-18 16:29:52.622003
6439aacebdfd82b762d1f94e,33.70,2023-04-18 16:29:57.654166
6439aacebdfd82b762d1f94e,33.50,2023-04-18 16:30:02.688534
6439aacebdfd82b762d1f94e,33.40,2023-04-18 16:30:07.717837
6439aacebdfd82b762d1f94e,33.20,2023-04-18 16:30:12.749639
6439aacebdfd82b762d1f94e,33.00,2023-04-18 16:30:17.782136
6439aacebdfd82b762d1f94e,32.90,2023-04-18 16:30:22.813845
6439aacebdfd82b762d1f94e,32.80,2023-04-18 16:30:27.846634
6439aacebdfd82b762d1f94e,32.60,2023-04-18 16:30:32.877983
6439aacebdfd82b762d1f94e,32.50,2023-04-18 16:30:37.909315
6439aacebdfd82b762d1f94e,32.40,2023-04-18 16:30:42.944277
6439aacebdfd82b762d1f94e,32.30,2023-04-18 16:30:47.974908
6439aacebdfd82b762d1f94e,32.20,2023-04-18 16:30:53.007707
6439aacebdfd82b762d1f94e,32.00,2023-04-18 16:30:58.037307
6439aacebdfd82b762d1f94e,32.00,2023-04-18 16:31:03.068299
6439aacebdfd82b762d1f94e,31.90,2023-04-18 16:31:08.102023
6439aacebdfd82b762d1f94e,31.80,2023-04-18 16:31:13.137283
6439aacebdfd82b762d1f94e,31.70,2023-04-18 16:31:18.166931
6439aacebdfd82b762d1f94e,31.70,2023-04-18 16:31:23.197417
6439aacebdfd82b762d1f94e,31.60,2023-04-18 16:31:28.229068
6439aacebdfd82b762d1f94e,31.50,2023-04-18 16:31:33.262417
6439aacebdfd82b762d1f94e,31.40,2023-04-18 16:31:38.294149
6439aacebdfd82b762d1f94e,31.30,2023-04-18 16:31:43.327888
6439aacebdfd82b762d1f94e,31.30,2023-04-18 16:31:48.361621
6439aacebdfd82b762d1f94e,31.20,2023-04-18 16:31:53.389991
6439aacebdfd82b762d1f94e,31.10,2023-04-18 16:31:58.425818
6439aacebdfd82b762d1f94e,31.00,2023-04-18 16:32:03.457968
6439aacebdfd82b762d1f94e,30.90,2023-04-18 16:32:08.488255
6439aacebdfd82b762d1f94e,30.90,2023-04-18 16:32:13.519913
6439aacebdfd82b762d1f94e,30.80,2023-04-18 16:32:18.551589
6439aacebdfd82b762d1f94e,30.70,2023-04-18 16:32:23.588130
6439aacebdfd82b762d1f94e,30.70,2023-04-18 16:32:28.616650
6439aacebdfd82b762d1f94e,30.70,2023-04-18 16:32:33.649205
6439aacebdfd82b762d1f94e,30.60,2023-04-18 16:32:38.681927
6439aacebdfd82b762d1f94e,30.60,2023-04-18 16:32:43.720943
6439aacebdfd82b762d1f94e,30.30,2023-04-18 16:32:48.746020
6439aacebdfd82b762d1f94e,29.00,2023-04-18 16:56:51.998276
6439aacebdfd82b762d1f94e,29.00,2023-04-18 16:56:56.998929
6439aacebdfd82b762d1f94e,29.00,2023-04-18 16:57:02.031210
6439aacebdfd82b762d1f94e,29.00,2023-04-18 16:57:07.064854
6439aacebdfd82b762d1f94e,29.00,2023-04-18 16:57:12.106291
6439aacebdfd82b762d1f94e,34.40,2023-04-18 16:57:17.128114
6439aacebdfd82b762d1f94e,34.90,2023-04-18 16:57:22.161505
6439aacebdfd82b762d1f94e,34.40,2023-04-18 16:57:27.191447
6439aacebdfd82b762d1f94e,33.70,2023-04-18 16:57:32.224314
6439aacebdfd82b762d1f94e,33.30,2023-04-18 16:57:37.256919
6439aacebdfd82b762d1f94e,32.90,2023-04-18 16:57:42.289322
6439aacebdfd82b762d1f94e,32.50,2023-04-18 16:57:47.329112
6439aacebdfd82b762d1f94e,32.10,2023-04-18 16:57:52.354013
6439aacebdfd82b762d1f94e,31.80,2023-04-18 16:57:57.386860
6439aacebdfd82b762d1f94e,31.70,2023-04-18 16:58:02.419024
6439aacebdfd82b762d1f94e,31.50,2023-04-18 16:58:07.451786
6439aacebdfd82b762d1f94e,31.30,2023-04-18 16:58:12.484586
6439aacebdfd82b762d1f94e,29.10,2023-04-18 17:02:12.641726
6439aacebdfd82b762d1f94e,29.10,2023-04-18 17:02:17.657256
6439aacebdfd82b762d1f94e,29.20,2023-04-18 17:02:22.689057
6439aacebdfd82b762d1f94e,30.40,2023-04-18 17:02:27.720302
6439aacebdfd82b762d1f94e,31.30,2023-04-18 17:02:32.752990
6439aacebdfd82b762d1f94e,31.60,2023-04-18 17:02:37.785746
6439aacebdfd82b762d1f94e,32.00,2023-04-18 17:02:42.816357
6439aacebdfd82b762d1f94e,32.30,2023-04-18 17:02:47.848831
6439aacebdfd82b762d1f94e,32.30,2023-04-18 17:02:52.881007
6439aacebdfd82b762d1f94e,32.00,2023-04-18 17:02:57.912753
6439aacebdfd82b762d1f94e,31.70,2023-04-18 17:03:02.945812
6439aacebdfd82b762d1f94e,31.50,2023-04-18 17:03:07.975829
6439aacebdfd82b762d1f94e,31.20,2023-04-18 17:03:13.008584
6439aacebdfd82b762d1f94e,31.00,2023-04-18 17:03:18.041860
6439aacebdfd82b762d1f94e,30.80,2023-04-18 17:03:23.074606
6439aacebdfd82b762d1f94e,30.60,2023-04-18 17:03:28.106689
6439aacebdfd82b762d1f94e,30.50,2023-04-18 17:03:33.137463
6439aacebdfd82b762d1f94e,30.40,2023-04-18 17:03:38.170802
6439aacebdfd82b762d1f94e,30.30,2023-04-18 17:03:43.202452
6439aacebdfd82b762d1f94e,30.20,2023-04-18 17:03:48.234219
6439aacebdfd82b762d1f94e,30.10,2023-04-18 17:03:53.267463
6439aacebdfd82b762d1f94e,30.00,2023-04-18 17:03:58.297590
6439aacebdfd82b762d1f94e,30.00,2023-04-18 17:04:03.331976
6439aacebdfd82b762d1f94e,29.90,2023-04-18 17:04:08.363005
6439aacebdfd82b762d1f94e,29.80,2023-04-18 17:04:13.396958
6439aacebdfd82b762d1f94e,29.80,2023-04-18 17:04:18.426962
6439aacebdfd82b762d1f94e,29.70,2023-04-18 17:04:23.458437
6439aacebdfd82b762d1f94e,29.70,2023-04-18 17:04:28.491572
6439aacebdfd82b762d1f94e,29.60,2023-04-18 17:04:33.523777
6439aacebdfd82b762d1f94e,29.60,2023-04-18 17:04:38.556937
6439aacebdfd82b762d1f94e,29.60,2023-04-18 17:04:43.588386
6439aacebdfd82b762d1f94e,29.50,2023-04-18 17:04:48.618358
6439aacebdfd82b762d1f94e,29.50,2023-04-18 17:04:53.651759
6439aacebdfd82b762d1f94e,29.50,2023-04-18 17:04:58.694141
6439aacebdfd82b762d1f94e,29.50,2023-04-18 17:05:03.716098
6439aacebdfd82b762d1f94e,29.50,2023-04-18 17:05:08.748889
6439aacebdfd82b762d1f94e,29.50,2023-04-18 17:05:13.778201
6439aacebdfd82b762d1f94e,29.50,2023-04-18 17:05:18.811914
6439aacebdfd82b762d1f94e,29.50,2023-04-18 17:05:23.843479
6439aacebdfd82b762d1f94e,29.50,2023-04-18 17:05:28.876062
6439aacebdfd82b762d1f94e,29.50,2023-04-18 17:05:33.907645
6439aacebdfd82b762d1f94e,29.50,2023-04-18 17:05:38.938421
6439aacebdfd82b762d1f94e,29.50,2023-04-18 17:05:43.967171
6439aacebdfd82b762d1f94e,29.50,2023-04-18 17:05:49.001140
6439aacebdfd82b762d1f94e,29.60,2023-04-18 17:05:54.032580
6439aacebdfd82b762d1f94e,29.60,2023-04-18 17:05:59.062448
6439aacebdfd82b762d1f94e,29.60,2023-04-18 17:06:04.093234
6439aacebdfd82b762d1f94e,29.60,2023-04-18 17:06:09.126297
6439aacebdfd82b762d1f94e,29.60,2023-04-18 17:06:14.157747
6439aacebdfd82b762d1f94e,29.60,2023-04-18 17:06:19.189993
6439aacebdfd82b762d1f94e,29.60,2023-04-18 17:06:24.224055
6439aacebdfd82b762d1f94e,29.60,2023-04-18 17:06:29.256112
6439aacebdfd82b762d1f94e,29.60,2023-04-18 17:06:34.287204
6439aacebdfd82b762d1f94e,29.60,2023-04-18 17:06:39.317948
6439aacebdfd82b762d1f94e,29.60,2023-04-18 17:06:44.353219
6439aacebdfd82b762d1f94e,29.60,2023-04-18 17:06:49.384399
6439aacebdfd82b762d1f94e,29.60,2023-04-18 17:06:54.412756
6439aacebdfd82b762d1f94e,29.60,2023-04-18 17:06:59.446185
6439aacebdfd82b762d1f94e,29.60,2023-04-18 17:07:04.478434
6439aacebdfd82b762d1f94e,29.60,2023-04-18 17:07:09.511347
6439aacebdfd82b762d1f94e,29.60,2023-04-18 17:07:14.542763
6439aacebdfd82b762d1f94e,29.60,2023-04-18 17:07:19.572930
6439aacebdfd82b762d1f94e,29.60,2023-04-18 17:07:24.612890
6439aacebdfd82b762d1f94e,29.60,2023-04-18 17:07:29.638985
6439aacebdfd82b762d1f94e,29.70,2023-04-18 17:07:34.670378
6439aacebdfd82b762d1f94e,31.00,2023-04-18 17:07:39.703743
6439aacebdfd82b762d1f94e,31.80,2023-04-18 17:07:44.733233
6439aacebdfd82b762d1f94e,33.10,2023-04-18 17:07:49.769028
6439aacebdfd82b762d1f94e,33.50,2023-04-18 17:07:54.799728
6439aacebdfd82b762d1f94e,34.50,2023-04-18 17:07:59.829903
6439aacebdfd82b762d1f94e,34.70,2023-04-18 17:08:04.862825
6439aacebdfd82b762d1f94e,34.40,2023-04-18 17:08:09.891867
6439aacebdfd82b762d1f94e,34.00,2023-04-18 17:08:14.924850
6439aacebdfd82b762d1f94e,44.40,2023-04-18 17:08:19.958299
6439aacebdfd82b762d1f94e,44.00,2023-04-18 17:08:24.989454
6439aacebdfd82b762d1f94e,43.60,2023-04-18 17:08:30.021833
6439aacebdfd82b762d1f94e,43.30,2023-04-18 17:08:35.053855
6439aacebdfd82b762d1f94e,42.90,2023-04-18 17:08:40.087658
6439aacebdfd82b762d1f94e,42.50,2023-04-18 17:08:45.117209
6439aacebdfd82b762d1f94e,42.00,2023-04-18 17:08:50.150529
6439aacebdfd82b762d1f94e,41.50,2023-04-18 17:08:55.185003
6439aacebdfd82b762d1f94e,41.00,2023-04-18 17:09:00.211608
6439aacebdfd82b762d1f94e,40.50,2023-04-18 17:09:05.244636
6439aacebdfd82b762d1f94e,40.00,2023-04-18 17:09:10.280418
6439aacebdfd82b762d1f94e,39.50,2023-04-18 17:09:15.309033
6439aacebdfd82b762d1f94e,39.00,2023-04-18 17:09:20.341118
6439aacebdfd82b762d1f94e,38.60,2023-04-18 17:09:25.371940
6439aacebdfd82b762d1f94e,38.20,2023-04-18 17:09:30.404512
6439aacebdfd82b762d1f94e,37.80,2023-04-18 17:09:35.436906
6439aacebdfd82b762d1f94e,37.40,2023-04-18 17:09:40.468787
6439aacebdfd82b762d1f94e,37.10,2023-04-18 17:09:45.502177
6439aacebdfd82b762d1f94e,36.70,2023-04-18 17:09:50.532059
6439aacebdfd82b762d1f94e,36.40,2023-04-18 17:09:55.565590
6439aacebdfd82b762d1f94e,36.20,2023-04-18 17:10:00.597721
6439aacebdfd82b762d1f94e,35.90,2023-04-18 17:10:05.630158
6439aacebdfd82b762d1f94e,35.60,2023-04-18 17:10:10.662664
6439aacebdfd82b762d1f94e,35.30,2023-04-18 17:10:15.690434
6439aacebdfd82b762d1f94e,35.10,2023-04-18 17:10:20.724705
6439aacebdfd82b762d1f94e,34.90,2023-04-18 17:10:25.755297
6439aacebdfd82b762d1f94e,34.60,2023-04-18 17:10:30.786424
6439aacebdfd82b762d1f94e,34.50,2023-04-18 17:10:35.820502
6439aacebdfd82b762d1f94e,34.20,2023-04-18 17:10:40.849795
6439aacebdfd82b762d1f94e,34.00,2023-04-18 17:10:45.882771
6439aacebdfd82b762d1f94e,33.90,2023-04-18 17:10:50.914311
6439aacebdfd82b762d1f94e,33.70,2023-04-18 17:10:55.950299
6439aacebdfd82b762d1f94e,33.50,2023-04-18 17:11:00.980491
6439aacebdfd82b762d1f94e,33.40,2023-04-18 17:11:06.011455
6439aacebdfd82b762d1f94e,33.20,2023-04-18 17:11:11.042780
6439aacebdfd82b762d1f94e,33.00,2023-04-18 17:11:16.076266
6439aacebdfd82b762d1f94e,32.90,2023-04-18 17:11:21.107377
6439aacebdfd82b762d1f94e,32.80,2023-04-18 17:11:26.141095
6439aacebdfd82b762d1f94e,32.60,2023-04-18 17:11:31.173991
6439aacebdfd82b762d1f94e,32.50,2023-04-18 17:11:36.203111
6439aacebdfd82b762d1f94e,32.30,2023-04-18 17:11:41.235300
6439aacebdfd82b762d1f94e,32.20,2023-04-18 17:11:46.267367
6439aacebdfd82b762d1f94e,32.10,2023-04-18 17:11:51.301299
6439aacebdfd82b762d1f94e,32.00,2023-04-18 17:11:56.332889
6439aacebdfd82b762d1f94e,31.90,2023-04-18 17:12:01.361729
6439aacebdfd82b762d1f94e,31.80,2023-04-18 17:12:06.393282
6439aacebdfd82b762d1f94e,31.70,2023-04-18 17:12:11.426323
6439aacebdfd82b762d1f94e,31.60,2023-04-18 17:12:16.461391
6439aacebdfd82b762d1f94e,31.50,2023-04-18 17:12:21.491382
6439aacebdfd82b762d1f94e,31.40,2023-04-18 17:12:26.521984
6439aacebdfd82b762d1f94e,31.30,2023-04-18 17:12:31.554344
6439aacebdfd82b762d1f94e,31.30,2023-04-18 17:12:36.587895
6439aacebdfd82b762d1f94e,31.20,2023-04-18 17:12:41.620719
6439aacebdfd82b762d1f94e,31.20,2023-04-18 17:12:46.652924
6439aacebdfd82b762d1f94e,31.00,2023-04-18 17:12:51.682179
6439aacebdfd82b762d1f94e,30.90,2023-04-18 17:12:56.714979
6439aacebdfd82b762d1f94e,30.90,2023-04-18 17:13:02.074501
6439aacebdfd82b762d1f94e,30.80,2023-04-18 17:13:06.786825
6439aacebdfd82b762d1f94e,30.70,2023-04-18 17:13:11.810207
6439aacebdfd82b762d1f94e,30.70,2023-04-18 17:13:16.842314
6439aacebdfd82b762d1f94e,30.60,2023-04-18 17:13:21.878223
6439aacebdfd82b762d1f94e,30.50,2023-04-18 17:13:26.907556
6439aacebdfd82b762d1f94e,30.50,2023-04-18 17:13:31.940925
6439aacebdfd82b762d1f94e,30.40,2023-04-18 17:13:36.972156
6439aacebdfd82b762d1f94e,30.40,2023-04-18 17:13:42.001449
6439aacebdfd82b762d1f94e,30.30,2023-04-18 17:13:47.029658
6439aacebdfd82b762d1f94e,30.30,2023-04-18 17:13:52.061477
6439aacebdfd82b762d1f94e,30.20,2023-04-18 17:13:57.096308
6439aacebdfd82b762d1f94e,30.20,2023-04-18 17:14:02.127044
6439aacebdfd82b762d1f94e,30.10,2023-04-18 17:14:07.159839
6439aacebdfd82b762d1f94e,30.10,2023-04-18 17:14:12.191940
6439aacebdfd82b762d1f94e,30.00,2023-04-18 17:14:17.224164
6439aacebdfd82b762d1f94e,30.00,2023-04-18 17:14:22.257814
6439aacebdfd82b762d1f94e,29.90,2023-04-18 17:14:27.287846
6439aacebdfd82b762d1f94e,29.90,2023-04-18 17:14:32.321528
6439aacebdfd82b762d1f94e,29.80,2023-04-18 17:14:37.352723
6439aacebdfd82b762d1f94e,29.80,2023-04-18 17:14:42.385801
6439aacebdfd82b762d1f94e,29.70,2023-04-18 17:14:47.418053
6439aacebdfd82b762d1f94e,29.70,2023-04-18 17:14:52.448985
6439aacebdfd82b762d1f94e,29.70,2023-04-18 17:14:57.484897
6439aacebdfd82b762d1f94e,29.60,2023-04-18 17:15:02.515892
6439aacebdfd82b762d1f94e,29.60,2023-04-18 17:15:07.541355
6439aacebdfd82b762d1f94e,29.60,2023-04-18 17:15:12.575506
6439aacebdfd82b762d1f94e,29.60,2023-04-18 17:15:17.610475
6439aacebdfd82b762d1f94e,29.50,2023-04-18 17:15:22.638824
6439aacebdfd82b762d1f94e,29.50,2023-04-18 17:15:27.672729
6439aacebdfd82b762d1f94e,29.50,2023-04-18 17:15:32.707374
6439aacebdfd82b762d1f94e,29.50,2023-04-18 17:15:37.745780
6439aacebdfd82b762d1f94e,29.40,2023-04-18 17:15:42.767055
6439aacebdfd82b762d1f94e,29.40,2023-04-18 17:15:47.800098
6439aacebdfd82b762d1f94e,29.40,2023-04-18 17:15:52.832836
6439aacebdfd82b762d1f94e,29.40,2023-04-18 17:15:57.865452
6439aacebdfd82b762d1f94e,29.40,2023-04-18 17:16:02.897207
6439aacebdfd82b762d1f94e,29.40,2023-04-18 17:16:07.932461
6439aacebdfd82b762d1f94e,29.30,2023-04-18 17:16:12.960887
6439aacebdfd82b762d1f94e,29.30,2023-04-18 17:16:18.000120
6439aacebdfd82b762d1f94e,29.30,2023-04-18 17:16:23.025455
6439aacebdfd82b762d1f94e,29.30,2023-04-18 17:16:28.055710
6439aacebdfd82b762d1f94e,29.30,2023-04-18 17:16:33.086084
6439aacebdfd82b762d1f94e,29.30,2023-04-18 17:16:38.117887
6439aacebdfd82b762d1f94e,29.20,2023-04-18 17:16:43.151391
6439aacebdfd82b762d1f94e,29.20,2023-04-18 17:16:48.183899
6439aacebdfd82b762d1f94e,29.20,2023-04-18 17:16:53.216369
6439aacebdfd82b762d1f94e,29.20,2023-04-18 17:16:58.249585
6439aacebdfd82b762d1f94e,29.20,2023-04-18 17:17:03.283124
6439aacebdfd82b762d1f94e,29.20,2023-04-18 17:17:08.313902
6439aacebdfd82b762d1f94e,29.10,2023-04-18 17:17:13.345810
6439aacebdfd82b762d1f94e,29.10,2023-04-18 17:17:18.379190
6439aacebdfd82b762d1f94e,29.10,2023-04-18 17:17:23.408306
6439aacebdfd82b762d1f94e,29.10,2023-04-18 17:17:28.441426
6439aacebdfd82b762d1f94e,29.10,2023-04-18 17:17:33.474789
6439aacebdfd82b762d1f94e,29.10,2023-04-18 17:17:38.505800
6439aacebdfd82b762d1f94e,29.00,2023-04-18 17:17:43.538541
6439aacebdfd82b762d1f94e,28.60,2023-04-18 17:58:00.405183
6439aacebdfd82b762d1f94e,28.70,2023-04-18 17:58:05.399264
6439aacebdfd82b762d1f94e,28.70,2023-04-18 17:58:10.432126
6439aacebdfd82b762d1f94e,28.70,2023-04-18 17:58:15.463980
6439aacebdfd82b762d1f94e,28.70,2023-04-18 17:58:20.500075
6439aacebdfd82b762d1f94e,34.60,2023-04-18 17:58:25.528064
6439aacebdfd82b762d1f94e,39.70,2023-04-18 17:58:30.560553
6439aacebdfd82b762d1f94e,39.60,2023-04-18 17:58:35.596713
6439aacebdfd82b762d1f94e,39.50,2023-04-18 17:58:40.625051
6439aacebdfd82b762d1f94e,39.30,2023-04-18 17:58:45.656170
6439aacebdfd82b762d1f94e,39.00,2023-04-18 17:58:50.688169
6439aacebdfd82b762d1f94e,38.60,2023-04-18 17:58:55.720843
6439aacebdfd82b762d1f94e,38.10,2023-04-18 17:59:00.753754
6439aacebdfd82b762d1f94e,37.40,2023-04-18 17:59:05.786853
6439aacebdfd82b762d1f94e,36.60,2023-04-18 17:59:10.816500
6439aacebdfd82b762d1f94e,35.80,2023-04-18 17:59:15.848801
6439aacebdfd82b762d1f94e,35.00,2023-04-18 17:59:20.880682
6439aacebdfd82b762d1f94e,34.20,2023-04-18 17:59:25.913525
6439aacebdfd82b762d1f94e,33.60,2023-04-18 17:59:30.946126
6439aacebdfd82b762d1f94e,33.00,2023-04-18 17:59:35.976573
6439aacebdfd82b762d1f94e,32.50,2023-04-18 17:59:41.008849
6439aacebdfd82b762d1f94e,32.20,2023-04-18 17:59:46.039816
6439aacebdfd82b762d1f94e,31.80,2023-04-18 17:59:51.074217
6439aacebdfd82b762d1f94e,31.50,2023-04-18 17:59:56.104058
6439aacebdfd82b762d1f94e,31.30,2023-04-18 18:00:01.136494
6439aacebdfd82b762d1f94e,31.00,2023-04-18 18:00:06.168351
6439aacebdfd82b762d1f94e,30.80,2023-04-18 18:00:11.204054
6439aacebdfd82b762d1f94e,30.60,2023-04-18 18:00:16.233567
6439aacebdfd82b762d1f94e,30.50,2023-04-18 18:00:21.320358
6439aacebdfd82b762d1f94e,30.30,2023-04-18 18:00:26.298002
6439aacebdfd82b762d1f94e,30.20,2023-04-18 18:00:31.328612
6439aacebdfd82b762d1f94e,30.00,2023-04-18 18:00:36.361300
6439aacebdfd82b762d1f94e,29.90,2023-04-18 18:00:41.394572
6439aacebdfd82b762d1f94e,29.80,2023-04-18 18:00:46.426008
6439aacebdfd82b762d1f94e,29.80,2023-04-18 18:00:51.459269
6439aacebdfd82b762d1f94e,29.70,2023-04-18 18:00:56.491327
6439aacebdfd82b762d1f94e,29.60,2023-04-18 18:01:01.522980
6439aacebdfd82b762d1f94e,29.50,2023-04-18 18:01:06.554790
6439aacebdfd82b762d1f94e,29.50,2023-04-18 18:01:11.586390
6439aacebdfd82b762d1f94e,29.40,2023-04-18 18:01:16.617602
6439aacebdfd82b762d1f94e,29.30,2023-04-18 18:01:21.649794
6439aacebdfd82b762d1f94e,29.30,2023-04-18 18:01:26.684557
6439aacebdfd82b762d1f94e,29.30,2023-04-18 18:01:31.716804
6439aacebdfd82b762d1f94e,29.20,2023-04-18 18:01:36.746240
6439aacebdfd82b762d1f94e,29.20,2023-04-18 18:01:41.779495
6439aacebdfd82b762d1f94e,29.20,2023-04-18 18:01:46.812280
6439aacebdfd82b762d1f94e,29.10,2023-04-18 18:01:51.843073
6439aacebdfd82b762d1f94e,29.10,2023-04-18 18:01:56.875032
6439aacebdfd82b762d1f94e,29.10,2023-04-18 18:02:01.904246
6439aacebdfd82b762d1f94e,29.00,2023-04-18 18:02:06.937080
6439aacebdfd82b762d1f94e,29.00,2023-04-18 18:02:11.969985
6439aacebdfd82b762d1f94e,29.00,2023-04-18 18:02:17.002157
6439aacebdfd82b762d1f94e,29.00,2023-04-18 18:02:22.035201
6439aacebdfd82b762d1f94e,29.00,2023-04-18 18:02:27.064595
6439aacebdfd82b762d1f94e,29.00,2023-04-18 18:02:32.099332
6439aacebdfd82b762d1f94e,29.00,2023-04-18 18:02:37.132312
6439aacebdfd82b762d1f94e,29.00,2023-04-18 18:02:42.161716
6439aacebdfd82b762d1f94e,28.90,2023-04-18 18:02:47.194497
6439aacebdfd82b762d1f94e,29.00,2023-04-18 18:02:52.229695
6439aacebdfd82b762d1f94e,29.00,2023-04-18 18:02:57.261978
6439aacebdfd82b762d1f94e,28.80,2023-04-18 18:32:38.504177
6439aacebdfd82b762d1f94e,28.80,2023-04-18 18:32:43.508450
6439aacebdfd82b762d1f94e,28.80,2023-04-18 18:32:48.541451
6439aacebdfd82b762d1f94e,28.80,2023-04-18 18:32:53.574362
6439aacebdfd82b762d1f94e,28.90,2023-04-18 18:32:58.605719
6439aacebdfd82b762d1f94e,28.90,2023-04-18 18:33:03.642394
6439aacebdfd82b762d1f94e,28.90,2023-04-18 18:33:08.673893
6439aacebdfd82b762d1f94e,28.90,2023-04-18 18:33:13.702880
6439aacebdfd82b762d1f94e,28.90,2023-04-18 18:33:18.736383
6439aacebdfd82b762d1f94e,28.90,2023-04-18 18:33:23.768366
6439aacebdfd82b762d1f94e,28.90,2023-04-18 18:33:28.800223
6439aacebdfd82b762d1f94e,28.90,2023-04-18 18:33:33.832366
6439aacebdfd82b762d1f94e,28.90,2023-04-18 18:33:38.864905
6439aacebdfd82b762d1f94e,29.00,2023-04-18 18:33:43.898474
6439aacebdfd82b762d1f94e,29.00,2023-04-18 18:33:48.930347
6439aacebdfd82b762d1f94e,29.00,2023-04-18 18:33:53.962610
6439aacebdfd82b762d1f94e,28.90,2023-04-18 18:33:58.996197
6439aacebdfd82b762d1f94e,31.50,2023-04-18 18:34:04.028639
6439aacebdfd82b762d1f94e,43.40,2023-04-18 18:34:09.059767
6439aacebdfd82b762d1f94e,43.10,2023-04-18 18:34:14.091571
6439aacebdfd82b762d1f94e,43.00,2023-04-18 18:34:19.157540
6439aacebdfd82b762d1f94e,42.70,2023-04-18 18:34:24.154896
6439aacebdfd82b762d1f94e,42.30,2023-04-18 18:34:29.188261
6439aacebdfd82b762d1f94e,41.80,2023-04-18 18:34:34.233204
6439aacebdfd82b762d1f94e,41.40,2023-04-18 18:34:39.491325
6439aacebdfd82b762d1f94e,40.90,2023-04-18 18:34:44.389670
6439aacebdfd82b762d1f94e,40.40,2023-04-18 18:34:49.312276
6439aacebdfd82b762d1f94e,39.90,2023-04-18 18:34:54.358175
6439aacebdfd82b762d1f94e,39.40,2023-04-18 18:34:59.435319
6439aacebdfd82b762d1f94e,39.00,2023-04-18 18:35:04.430225
6439aacebdfd82b762d1f94e,38.60,2023-04-18 18:35:10.960059
6439aacebdfd82b762d1f94e,38.30,2023-04-18 18:35:14.470298
6439aacebdfd82b762d1f94e,37.90,2023-04-18 18:35:19.544294
6439aacebdfd82b762d1f94e,37.60,2023-04-18 18:35:24.542434
6439aacebdfd82b762d1f94e,37.20,2023-04-18 18:35:29.564496
6439aacebdfd82b762d1f94e,36.90,2023-04-18 18:35:34.650994
6439aacebdfd82b762d1f94e,36.60,2023-04-18 18:35:39.649421
6439aacebdfd82b762d1f94e,36.40,2023-04-18 18:35:44.671646
6439aacebdfd82b762d1f94e,36.20,2023-04-18 18:35:49.696069
6439aacebdfd82b762d1f94e,35.90,2023-04-18 18:35:54.723660
6439aacebdfd82b762d1f94e,35.70,2023-04-18 18:35:59.756170
6439aacebdfd82b762d1f94e,35.40,2023-04-18 18:36:04.784007
6439aacebdfd82b762d1f94e,35.30,2023-04-18 18:36:09.817290
6439aacebdfd82b762d1f94e,35.10,2023-04-18 18:36:14.852416
6439aacebdfd82b762d1f94e,35.00,2023-04-18 18:36:19.881757
6439aacebdfd82b762d1f94e,34.80,2023-04-18 18:36:24.913873
6439aacebdfd82b762d1f94e,34.70,2023-04-18 18:36:29.942786
6439aacebdfd82b762d1f94e,34.50,2023-04-18 18:36:34.976123
6439aacebdfd82b762d1f94e,34.50,2023-04-18 18:36:40.014205
